Store,Region,Zone,DOA,Area,LTL/New,Nature,Grading,Tier,Organization,StoreCode,StatusMyntra,StatusAmazon,StatusOmni,Language
ADITYAPUR,JHK1,EAST/JHK,21-Sep-17,10972,L2L,Fashion,NA,NA,Vmart,101089,0,0,0,Hindi
AGARTALA-SHAKUNTALA ROAD,NE,EAST/JHK,22-Sep-21,18314,New,Composite,NA,NA,Vmart,101572,0,1,0,English
AGRA,UP7,NORTH,12-Oct-14,7841,L2L,Fashion,NA,NA,Vmart,100743,0,0,0,Hindi
AGRA-SIKANDRA,UP7,NORTH,09-Jul-19,6678,L2L-New,Fashion,NA,NA,Vmart,101265,0,0,0,Hindi
AGRA-VIP ROAD,UP7,NORTH,18-Oct-20,8630,<1Yr,Fashion,NA,NA,Vmart,101296,0,0,0,Hindi
AIRPORT ROAD-LUCKNOW,UP8,UP,######,8457,L2L,Fashion,NA,NA,Vmart,101175,0,0,1,Hindi
AJMER,RAJASTHAN-1,NORTH,22-Oct-06,13800,L2L,Composite,NA,NA,Vmart,15,0,1,0,Hindi
AKBARPUR,UP9,UP,######,9400,L2L,Composite,NA,NA,Vmart,83,0,0,0,Hindi
ALIGARH,UP7,NORTH,25-Jul-10,10052,L2L,Fashion,NA,NA,Vmart,59,0,0,1,Hindi
ALIGARH-ETAH CHUNGI,UP7,NORTH,30-Jan-20,7900,L2L-New,Fashion,NA,NA,Vmart,101343,0,0,0,Hindi
ALLAHABAD,UP10,UP,######,8335,L2L,Fashion,NA,NA,Vmart,100365,0,0,0,Hindi
AMBALA,DELHI NCR,NORTH,17-Jan-09,5500,L2L,Fashion,NA,NA,Vmart,41,0,0,0,Hindi
AMETHI-DURGAPUR ROAD,UP10,UP,25-Oct-21,10080,New,Composite,NA,NA,Vmart,101586,0,0,0,Hindi
AMROHA,UP11,NORTH,16-Apr-17,7289,L2L,Fashion,NA,NA,Vmart,101056,0,0,0,Hindi
ARAMBAGH,WB 1,EAST/JHK,03-Oct-18,7685,L2L,Fashion,NA,NA,Vmart,101181,0,0,0,Bangla
ARRAH,BIHAR 1,BIHAR,15-Oct-09,12814,L2L,Composite,NA,NA,Vmart,46,0,0,0,Hindi
AS RAO NAGAR,HYDERABAD,SOUTH,######,11800,New,Non Saral,NA,NA,Unlimited,101558,1,0,1,#N/A
ATTAPUR,HYDERABAD,SOUTH,16-Jun-17,10800,New,Non Saral,NA,NA,Unlimited,101559,1,1,0,#N/A
CHIKKADAPALLY,HYDERABAD,SOUTH,######,11465,New,Non Saral,NA,NA,Unlimited,101563,1,1,0,#N/A
AURAIYA-KANPUR ROAD,UP12,UP,25-Sep-21,7364,New,Fashion,NA,NA,Vmart,101580,0,0,0,Hindi
AURANGABAD,BIHAR 4,BIHAR,28-Jun-13,8300,L2L,Fashion,NA,NA,Vmart,100054,0,0,0,Hindi
AZAMGARH,UP3,UP,######,9575,L2L,Composite,NA,NA,Vmart,42,0,0,0,Hindi
BADAUN,UP6,UP,29-Jun-13,8825,L2L,Fashion,NA,NA,Vmart,100051,0,0,0,Hindi
BAGAHA,BIHAR 2,BIHAR,29-Jun-20,5333,<1Yr,Fashion,NA,NA,Vmart,101350,0,0,0,Hindi
BAHRAICH,UP13,UP,######,13034,L2L,Composite,NA,NA,Vmart,55,0,0,0,Hindi
BAHRAICH-CIVIL LINE,UP8,UP,######,10958,New,Composite,NA,NA,Vmart,NA,0,0,0,#N/A
BALIA,UP3,UP,27-Jul-13,7530,L2L,Fashion,NA,NA,Vmart,100090,0,0,0,Hindi
BALLIA-NEW TOWN,UP3,UP,######,9800,<1Yr,Composite,NA,NA,Vmart,101449,0,0,0,Hindi
BANDA,UP12,UP,20-Apr-14,8000,L2L,Fashion,NA,NA,Vmart,100503,0,0,0,Hindi
BANDEL,WB 1,EAST/JHK,######,8406,L2L,Fashion,NA,NA,Vmart,101177,0,0,1,Bangla
BANKA,BIHAR 3,BIHAR,######,7200,L2L,Fashion,NA,NA,Vmart,101092,0,0,0,Hindi
BARABANKI,UP13,UP,######,8031,L2L,Fashion,NA,NA,Vmart,79,0,0,0,Hindi
BAREILLY,UP11,NORTH,23-Jul-14,8872,L2L,Fashion,NA,NA,Vmart,100677,0,0,0,Hindi
BARHI-DHANBAD ROAD,JHK2,EAST/JHK,30-Jun-21,6281,New,Fashion,NA,NA,Vmart,101474,0,0,0,Hindi
BARIPADA,ODISHA,EAST/JHK,26-Oct-15,8065,L2L,Fashion,NA,NA,Vmart,101012,0,0,0,Odiya
DILSUKHNAGAR,HYDERABAD,SOUTH,15-Oct-13,14580,New,Non Saral,NA,NA,Unlimited,101564,1,1,1,#N/A
BASTI,UP9,UP,05-Jun-10,8200,L2L,Fashion,NA,NA,Vmart,54,0,0,1,Hindi
BASTI-MALVIYA ROAD,UP9,UP,######,9839,<1Yr,Composite,NA,NA,Vmart,101377,0,0,0,Hindi
BEGUSARAI,BIHAR 2,BIHAR,08-Apr-10,13380,L2L,Composite,NA,NA,Vmart,52,0,0,0,Hindi
FORUM SUJANA MALL,HYDERABAD,SOUTH,04-Sep-14,10113,New,Saral,NA,NA,Unlimited,101557,0,0,0,#N/A
HABSIGUDA,HYDERABAD,SOUTH,28-Jul-10,9067,New,Non Saral,NA,NA,Unlimited,101562,1,1,0,#N/A
MADEENAGUDA,HYDERABAD,SOUTH,13-Oct-17,12437,New,Non Saral,NA,NA,Unlimited,101561,1,0,0,#N/A
BERASIA,MP1,NORTH,######,7111,L2L,Fashion,NA,NA,Vmart,66,0,0,0,Hindi
BETTIAH,BIHAR 2,BIHAR,######,7500,L2L,Fashion,NA,NA,Vmart,80,0,0,0,Hindi
BHABUA,BIHAR 4,BIHAR,17-Jun-17,6248,L2L,Fashion,NA,NA,Vmart,101068,0,0,0,Hindi
BHAGALPUR,BIHAR 3,BIHAR,08-Apr-11,10000,L2L,Composite,NA,NA,Vmart,62,0,1,0,Hindi
BHAGESHWAR NAGAR,UP3,UP,01-Jun-13,5700,L2L,Fashion,NA,NA,Vmart,100052,0,0,0,Hindi
BHANGEL,DELHI NCR,NORTH,######,8600,L2L,Fashion,NA,NA,Vmart,101053,0,0,1,Hindi
BHOJUBEER,UP5,UP,######,6250,L2L,Fashion,NA,NA,Vmart,101066,0,0,1,Hindi
BHOPAL,MP1,NORTH,######,8630,L2L,Composite,NA,NA,Vmart,9,0,0,0,Hindi
BHOPAL-BAIRAGARH,MP1,NORTH,29-Jun-20,7366,<1Yr,Fashion,NA,NA,Vmart,101345,0,0,0,Hindi
BHOPAL-KAROND,MP1,NORTH,######,10598,L2L,Composite,NA,NA,Vmart,101241,0,0,1,Hindi
BHOPAL-KOLAR ROAD,MP1,NORTH,######,7837,New,Fashion,NA,NA,Vmart,NA,0,0,0,#N/A
MALKAJGIRI,HYDERABAD,SOUTH,24-Sep-17,8589,New,Non Saral,NA,NA,Unlimited,101560,1,1,0,#N/A
BIRSA CHOWK-RANCHI,JHK1,EAST/JHK,26-Oct-16,14161,L2L,Composite,NA,NA,Vmart,101043,0,0,0,Hindi
BISALPUR-EIDGAH CHAURAHA,UP6,UP,######,5519,L2L,Fashion,NA,NA,Vmart,101233,0,0,0,Hindi
BISWANATH CHARIALI,NE,EAST/JHK,######,6149,L2L,Fashion,NA,NA,Vmart,101194,0,0,0,Assamese
BORING ROAD-PATNA,BIHAR 1,BIHAR,12-Oct-14,12600,L2L,Fashion,NA,NA,Vmart,100172,0,1,0,Hindi
BULANDSHAHR-RAJA BABU RD,DELHI NCR,NORTH,######,8200,L2L,Fashion,NA,NA,Vmart,101055,0,0,0,Hindi
BURDWAN,WB 1,EAST/JHK,12-Oct-15,9049,L2L,Fashion,NA,NA,Vmart,101005,0,0,0,Bangla
BURDWAN-NAZRUL PALLY,WB 1,EAST/JHK,25-Feb-22,9655,New,Composite,NA,NA,Vmart,NA,0,0,0,Bangla
BUXAR,BIHAR 1,BIHAR,######,9220,L2L,Fashion,NA,NA,Vmart,101054,0,0,0,Hindi
PARKLANE,HYDERABAD,SOUTH,######,9000,New,Saral,NA,NA,Unlimited,101565,1,1,0,#N/A
CANT ROAD,UP13,UP,01-Jul-15,8046,L2L,Fashion,NA,NA,Vmart,100999,0,0,1,Hindi
CHAAS,JHK2,EAST/JHK,######,11000,L2L,Fashion,NA,NA,Vmart,100110,0,1,0,Hindi
CHANDAUSI-BAHJOI ROAD,UP11,NORTH,######,6752,L2L-New,Fashion,NA,NA,Vmart,101346,0,0,0,Hindi
CHANDIGARH,"PUN, HP",NORTH,######,10000,L2L,Composite,NA,NA,Vmart,11,0,1,0,Hindi
CHHAPRA,BIHAR 1,BIHAR,19-Jun-12,5950,L2L,Fashion,NA,NA,Vmart,75,0,0,0,Hindi
CHHAPRA-BHAGWAN BAZAR,BIHAR 1,BIHAR,######,5417,<1Yr,Fashion,NA,NA,Vmart,101454,0,0,0,Hindi
SANTOSH NAGAR,HYDERABAD,SOUTH,02-Feb-18,11435,New,Non Saral,NA,NA,Unlimited,101566,1,1,0,#N/A
CHINHAT-LUCKNOW,UP13,UP,01-Jun-18,10250,L2L,Fashion,NA,NA,Vmart,101161,0,1,0,Hindi
CHITTORGARH-UDAIPUR ROAD,RAJASTHAN-2,NORTH,31-Jul-21,8232,New,Composite,NA,NA,Vmart,101476,0,0,0,Hindi
CHOWK,UP13,UP,######,10500,L2L,Composite,NA,NA,Vmart,76,0,0,0,Hindi
SARATH CITY MALL,HYDERABAD,SOUTH,######,7321,New,Saral,NA,NA,Unlimited,101567,1,0,0,#N/A
CHURCH ROAD,BIHAR 4,BIHAR,03-Jul-12,7500,L2L,Fashion,NA,NA,Vmart,74,0,0,0,Hindi
ASCENDUS,KAR,SOUTH,07-Oct-17,12230,New,Non Saral,NA,NA,Unlimited,101524,1,1,0,#N/A
BASAVESHWARNAGAR,KAR,SOUTH,17-Oct-15,9322,New,Saral,NA,NA,Unlimited,101522,1,0,0,#N/A
BEL ROAD,KAR,SOUTH,06-Oct-16,7032,New,Saral,NA,NA,Unlimited,101512,1,1,0,#N/A
COOCH BEHAR,WB 2,EAST/JHK,17-Oct-15,8759,L2L,Fashion,NA,NA,Vmart,101010,0,0,0,Bangla
CUTTACK,ODISHA,EAST/JHK,09-Sep-16,10850,L2L,Fashion,NA,NA,Vmart,101034,0,0,1,Odiya
DALANWALA-DEHRADUN,UP1,NORTH,######,9833,L2L,Fashion,NA,NA,Vmart,101159,0,0,1,Hindi
DALTONGANJ-REDMA CHOWK,JHK1,EAST/JHK,######,6611,L2L-New,Fashion,NA,NA,Vmart,101259,0,0,0,Hindi
BELLARY,KAR,SOUTH,24-Jan-18,10800,New,Non Saral,NA,NA,Unlimited,101514,0,0,0,#N/A
DARBHANGA,BIHAR 2,BIHAR,02-Jan-11,9370,L2L,Composite,NA,NA,Vmart,71,0,0,0,Hindi
DARBHANGA-DONAR,BIHAR 2,BIHAR,25-Sep-21,10000,New,Composite,NA,NA,Vmart,101574,0,0,0,Hindi
DAUD NAGAR,BIHAR 4,BIHAR,######,6595,L2L,Fashion,NA,NA,Vmart,101009,0,0,0,Hindi
BIJAPUR,KAR,SOUTH,21-Jul-18,8607,New,Non Saral,NA,NA,Unlimited,101518,0,0,0,#N/A
CANARA MALL,KAR,SOUTH,26-Jan-18,8292,New,Saral,NA,NA,Unlimited,101515,0,0,0,#N/A
CMH ROAD,KAR,SOUTH,######,9763,New,Saral,NA,NA,Unlimited,101582,1,0,0,#N/A
DEHRADUN,UP1,NORTH,15-Jun-13,7568,L2L,Fashion,NA,NA,Vmart,100053,0,0,0,Hindi
DEHRI ON SANE,BIHAR 4,BIHAR,10-Oct-21,8500,New,Composite,NA,NA,Vmart,101446,0,0,0,Hindi
DELHI-BURARI,DELHI NCR,NORTH,######,11467,New,Composite,NA,NA,Vmart,NA,0,0,0,#N/A
DELHI-DWARKA,DELHI NCR,NORTH,######,6180,New,Fashion,NA,NA,Vmart,101478,0,0,0,Hindi
DELHI-NARELA,DELHI NCR,NORTH,03-Oct-19,6656,L2L-New,Fashion,NA,NA,Vmart,101305,0,0,0,Hindi
DEOGHAR,JHK2,EAST/JHK,######,9500,L2L,Fashion,NA,NA,Vmart,100366,0,0,0,Hindi
DEORIA,UP4,UP,13-Oct-10,10317,L2L,Composite,NA,NA,Vmart,61,0,0,0,Hindi
DHANBAD-BANK MORE,JHK2,EAST/JHK,######,10405,L2L-New,Composite,NA,NA,Vmart,101250,0,0,0,Hindi
DHANBAD-BINOD BIHARI CHOWK,JHK2,EAST/JHK,######,10292,New,Composite,NA,NA,Vmart,NA,0,0,0,#N/A
DHANBAD-SARAIDHELLA,JHK2,EAST/JHK,######,6181,L2L-New,Fashion,NA,NA,Vmart,101306,0,0,0,Hindi
DHUBRI-GTB ROAD,WB 2,EAST/JHK,28-Apr-19,5721,L2L-New,Fashion,NA,NA,Vmart,101242,0,0,0,Assamese
DHULIYAN,WB 2,EAST/JHK,21-Sep-17,6571,L2L,Fashion,NA,NA,Vmart,101040,0,0,0,Bangla
DAVANAGERE MALL,KAR,SOUTH,14-Jan-17,6504,New,Saral,NA,NA,Unlimited,101523,0,0,0,#N/A
DAVANGERE,KAR,SOUTH,10-Apr-09,4650,New,Saral,NA,NA,Unlimited,101519,0,0,0,#N/A
DUMKA,JHK2,EAST/JHK,01-Oct-13,7600,L2L,Fashion,NA,NA,Vmart,100205,0,0,0,Hindi
DURGAKUND,UP5,UP,11-Sep-16,8682,L2L,Composite,NA,NA,Vmart,101036,0,0,0,Hindi
GT MALL,KAR,SOUTH,######,7843,New,Saral,NA,NA,Unlimited,101528,1,0,0,#N/A
ETAWAH,UP7,NORTH,10-Jul-15,8731,L2L,Composite,NA,NA,Vmart,100997,0,0,0,Hindi
FAIZABAD,UP9,UP,13-Jun-11,9936,L2L,Composite,NA,NA,Vmart,63,0,0,0,Hindi
FAIZABAD-NAKA,UP9,UP,25-Oct-21,9600,New,Fashion,NA,NA,Vmart,101482,0,0,0,Hindi
FARIDABAD-NIT,DELHI NCR,NORTH,25-Oct-21,10000,New,Composite,NA,NA,Vmart,101587,0,0,0,Hindi
FARRUKHABAD,UP6,UP,28-Jun-14,8288,L2L,Fashion,NA,NA,Vmart,100630,0,0,0,Hindi
FATHEPUR,UP10,UP,05-Oct-13,7500,L2L,Fashion,NA,NA,Vmart,100111,0,0,0,Hindi
FIROZABAD,UP7,NORTH,######,9527,L2L,Fashion,NA,NA,Vmart,100744,0,1,0,Hindi
HOSUR,KAR,SOUTH,15-Oct-15,14093,New,Non Saral,NA,NA,Unlimited,101536,0,0,0,#N/A
HSR,KAR,SOUTH,######,11560,New,Saral,NA,NA,Unlimited,101525,1,1,0,#N/A
GANDHIDHAM,GUJRAT,NORTH,01-Oct-08,6000,L2L,Fashion,NA,NA,Vmart,34,0,0,0,Gujarati
GARHWA,JHK1,EAST/JHK,29-Oct-18,7585,L2L,Fashion,NA,NA,Vmart,101142,0,0,0,Hindi
GAURIGANJ,UP10,UP,######,9196,L2L,Composite,NA,NA,Vmart,101133,0,0,0,Hindi
GAZIPUR,UP3,UP,03-Jul-10,10660,L2L,Composite,NA,NA,Vmart,58,0,1,0,Hindi
GIRIDIH,JHK2,EAST/JHK,######,8700,L2L,Fashion,NA,NA,Vmart,100140,0,0,0,Hindi
GODDA-RAUTARA CHOWK,JHK2,EAST/JHK,30-Jun-21,7281,New,Fashion,NA,NA,Vmart,101462,0,0,0,Hindi
GONDA,UP9,UP,27-Oct-08,7356,L2L,Composite,NA,NA,Vmart,32,0,0,1,Hindi
GONDA-STATION ROAD,UP9,UP,27-Oct-08,7356,L2L,Fashion,NA,NA,Vmart,101612,0,0,0,Hindi
GOPALGANJ,BIHAR 2,BIHAR,######,10143,L2L,Composite,NA,NA,Vmart,100504,0,0,0,Hindi
GORAKHPUR,UP4,UP,######,8800,L2L,Composite,NA,NA,Vmart,27,0,0,0,Hindi
GORAKHPUR-MEDICAL COLLEGE,UP4,UP,12-Jun-19,8626,L2L-New,Composite,NA,NA,Vmart,101263,0,1,0,Hindi
KAMMANAHALLI,KAR,SOUTH,28-Jun-14,11797,New,Non Saral,NA,NA,Unlimited,101527,1,1,0,#N/A
GUMLA,JHK1,EAST/JHK,######,6867,L2L,Fashion,NA,NA,Vmart,101090,0,0,0,Hindi
MALL OF MYSORE,KAR,SOUTH,######,11671,New,Saral,NA,NA,Unlimited,101511,1,0,0,#N/A
GURDASPUR,"PUN, HP",NORTH,01-Sep-07,6500,L2L,Composite,NA,NA,Vmart,21,0,0,0,Hindi
GURUGRAM-BADSHAHPUR,DELHI NCR,NORTH,######,11550,New,Composite,NA,NA,Vmart,NA,0,0,0,#N/A
GWALIOR-LASHKAR,MP2,NORTH,16-Jun-19,7023,L2L-New,Fashion,NA,NA,Vmart,101253,0,0,1,Hindi
GWALIOR-OPPO. FILMISTAN,MP2,NORTH,19-Oct-19,5351,L2L-New,Fashion,NA,NA,Vmart,101322,0,0,0,Hindi
GWALIOR-SURYA NAGAR,MP2,NORTH,######,7441,L2L-New,Fashion,NA,NA,Vmart,101249,0,0,0,Hindi
NAGARBHAVI,KAR,SOUTH,06-Apr-18,8355,New,Non Saral,NA,NA,Unlimited,101517,1,1,1,#N/A
HAJIPUR,BIHAR 1,BIHAR,13-Oct-15,7727,L2L,Fashion,NA,NA,Vmart,101013,0,0,0,Hindi
HALDWANI,UP1,NORTH,######,10812,L2L,Composite,NA,NA,Vmart,100109,0,0,1,Hindi
HAMIRPUR,UP12,UP,26-Feb-18,6339,L2L,Fashion,NA,NA,Vmart,101141,0,0,0,Hindi
HARDOI-LUCKNOW ROAD,UP6,UP,18-Oct-19,9782,L2L-New,Composite,NA,NA,Vmart,101125,0,0,0,Hindi
HARIDWAR,UP1,NORTH,07-Sep-13,7300,L2L,Fashion,NA,NA,Vmart,100173,0,0,0,Hindi
HARIDWAR-SHIVALIK NAGAR,UP1,NORTH,18-Feb-22,9091,New,Composite,NA,NA,Vmart,NA,0,0,0,#N/A
HATHRAS,UP7,NORTH,23-Jul-14,5208,L2L,Fashion,NA,NA,Vmart,100645,0,0,0,Hindi
HIRAPUR,JHK2,EAST/JHK,26-Sep-14,8650,L2L,Fashion,NA,NA,Vmart,100745,0,0,0,Hindi
RAMAMURTHY NAGAR,KAR,SOUTH,14-Jun-08,7300,New,Saral,NA,NA,Unlimited,101509,1,1,0,#N/A
SAHAKARA NAGAR,KAR,SOUTH,######,14467,New,Non Saral,NA,NA,Unlimited,101510,1,1,1,#N/A
HUSAINABAD-JAUNPUR,UP3,UP,24-Jun-17,5455,L2L,Fashion,NA,NA,Vmart,101069,0,0,0,Hindi
HUSSAINGANJ,UP13,UP,######,10000,L2L,Fashion,NA,NA,Vmart,100822,0,0,0,Hindi
INDORE-SAPNA SANGEETA,MP2,NORTH,27-Jan-20,6522,L2L-New,Fashion,NA,NA,Vmart,101342,0,0,0,Hindi
ITANAGAR,NE,EAST/JHK,01-Oct-19,13300,L2L-New,Composite,NA,NA,Vmart,101187,0,0,0,English
JABALPUR-DAMOHNAKA,MP1,NORTH,13-Oct-19,8540,L2L-New,Fashion,NA,NA,Vmart,101315,0,0,0,Hindi
JAIPUR-BARKAT NAGAR,RAJASTHAN-1,NORTH,######,6535,L2L-New,Fashion,NA,NA,Vmart,101338,0,0,0,Hindi
JAIPUR-CHITRAKOOT,RAJASTHAN-1,NORTH,######,7081,L2L-New,Fashion,NA,NA,Vmart,101347,0,0,0,Hindi
JAIPUR-JHOTWARA,RAJASTHAN-1,NORTH,27-Jul-19,9029,L2L-New,Fashion,NA,NA,Vmart,101280,0,0,0,Hindi
JAIPUR-NSR,RAJASTHAN-1,NORTH,######,8650,<1Yr,Fashion,NA,NA,Vmart,101453,0,0,0,Hindi
JAIPUR-PRATAP NAGAR,RAJASTHAN-1,NORTH,######,7416,L2L-New,Fashion,NA,NA,Vmart,101348,0,0,0,Hindi
JAIPUR-SIRSI ROAD,RAJASTHAN-1,NORTH,14-Oct-20,7550,<1Yr,Fashion,NA,NA,Vmart,101371,0,0,0,Hindi
JAIPUR-SUBHASH CHOWK,RAJASTHAN-1,NORTH,11-Oct-20,7016,<1Yr,Fashion,NA,NA,Vmart,101353,0,0,0,Hindi
JALANDHAR,"PUN, HP",NORTH,######,9888,L2L,Fashion,NA,NA,Vmart,12,0,1,0,Hindi
JALPAIGURI,WB 2,EAST/JHK,24-Sep-16,11592,L2L,Fashion,NA,NA,Vmart,101033,0,0,1,Bangla
JAMALPUR,BIHAR 3,BIHAR,23-Oct-16,7800,L2L,Fashion,NA,NA,Vmart,101041,0,0,1,Hindi
JAMMU,J&K,NORTH,22-Apr-18,9581,L2L,Fashion,NA,NA,Vmart,101147,0,0,0,Hindi
JAMMU-JANIPUR,J&K,NORTH,05-Oct-19,11000,L2L-New,Composite,NA,NA,Vmart,101316,0,0,1,Hindi
JAMMU-KUNJWANI,J&K,NORTH,04-Apr-19,9800,L2L-New,Fashion,NA,NA,Vmart,101243,0,0,0,Hindi
JAMMU-TALAB TILLO,J&K,NORTH,25-Oct-19,8000,L2L-New,Fashion,NA,NA,Vmart,101299,0,0,0,Hindi
JAMNAGAR,GUJRAT,NORTH,######,5000,L2L,Fashion,NA,NA,Vmart,72,0,0,0,Gujarati
JAMSHEDPUR-SAKCHI AMBAGAN,JHK1,EAST/JHK,######,9636,L2L,Composite,NA,NA,Vmart,101145,0,0,0,Hindi
JAMTARA,JHK2,EAST/JHK,26-Oct-17,7000,Closed,Fashion,NA,NA,Vmart,101044,0,0,0,Hindi
JAMUI,BIHAR 4,BIHAR,######,8139,L2L,Fashion,NA,NA,Vmart,101014,0,0,0,Hindi
JAUNPUR,UP3,UP,30-Oct-10,9242,L2L,Composite,NA,NA,Vmart,60,0,0,1,Hindi
JEHANABAD-STATION ROAD,BIHAR 4,BIHAR,13-Feb-19,7138,L2L,Fashion,NA,NA,Vmart,101211,0,0,0,Hindi
JHANGIRABAD-BHOPAL,MP1,NORTH,21-Jan-19,9913,L2L,Fashion,NA,NA,Vmart,101210,0,0,0,Hindi
JHANSI,UP12,UP,24-Oct-13,7200,L2L,Fashion,NA,NA,Vmart,100050,0,0,1,Hindi
JHARSUGUDA,ODISHA,EAST/JHK,######,10103,L2L,Fashion,NA,NA,Vmart,101023,0,0,0,Odiya
JORHAT,NE,EAST/JHK,09-Oct-18,10000,L2L,Fashion,NA,NA,Vmart,101184,0,0,0,Assamese
JOWAI,NE,EAST/JHK,26-Oct-18,10049,L2L,Fashion,NA,NA,Vmart,101189,0,0,0,English
KACHI CHAWNI,J&K,NORTH,22-Sep-18,9700,L2L,Fashion,NA,NA,Vmart,101151,0,0,0,Hindi
TUMKUR,KAR,SOUTH,11-Oct-14,14582,New,Non Saral,NA,NA,Unlimited,101521,0,0,0,#N/A
KAHALGOAN,BIHAR 3,BIHAR,05-Apr-19,6481,L2L-New,Fashion,NA,NA,Vmart,101227,0,0,0,Hindi
VAISHNAVI SAPPHIRE,KAR,SOUTH,16-Sep-17,8033,New,Saral,NA,NA,Unlimited,101513,1,1,0,#N/A
KALAPAHAR-GUWAHATI,NE,EAST/JHK,02-Sep-18,8229,L2L,Fashion,NA,NA,Vmart,101176,0,0,0,Assamese
VASCO,KAR,SOUTH,23-Feb-18,12285,New,Non Saral,NA,NA,Unlimited,101507,0,0,0,#N/A
KANKARBAGH-PATNA,BIHAR 1,BIHAR,26-Feb-19,8433,L2L,Fashion,NA,NA,Vmart,101230,0,0,0,Hindi
KANNAUJ,UP2,UP,######,7553,L2L,Fashion,NA,NA,Vmart,101129,0,0,0,Hindi
KANPUR,UP2,UP,25-Oct-08,7000,L2L,Fashion,NA,NA,Vmart,38,0,0,0,Hindi
KANPUR-BARRA,UP2,UP,05-Jul-21,8498,New,Composite,NA,NA,Vmart,101468,0,0,0,Hindi
KANPUR-KALYANPUR,UP2,UP,23-Oct-19,10151,L2L-New,Composite,NA,NA,Vmart,101317,0,0,0,Hindi
KANPUR-P ROAD,UP2,UP,31-Jan-20,5600,L2L-New,Fashion,NA,NA,Vmart,101341,0,0,0,Hindi
KANPUR-YASHODA NAGAR,UP2,UP,26-Jul-21,6399,New,Fashion,NA,NA,Vmart,101480,0,0,0,Hindi
KARWI-CHITRAKOOT,UP12,UP,######,5453,<1Yr,Fashion,NA,NA,Vmart,101452,0,0,0,Hindi
KASHIPUR,UP1,NORTH,######,7272,L2L,Fashion,NA,NA,Vmart,100523,0,0,0,Hindi
KATHUA,J&K,NORTH,######,6861,L2L,Fashion,NA,NA,Vmart,101059,0,0,0,Hindi
KATIHAR-MIRCHAIBARI,BIHAR 3,BIHAR,######,12395,New,Composite,NA,NA,Vmart,101472,0,0,0,Hindi
KATIHAR-NEW MARKET,BIHAR 3,BIHAR,18-Oct-20,5740,<1Yr,Composite,NA,NA,Vmart,101328,0,0,0,Hindi
KEONJHAR,ODISHA,EAST/JHK,30-Oct-15,5897,L2L,Fashion,NA,NA,Vmart,101002,0,0,0,Odiya
KHAGARIA,BIHAR 2,BIHAR,21-Oct-17,8532,L2L,Fashion,NA,NA,Vmart,101058,0,0,0,Hindi
KHALILABAD,UP4,UP,30-Oct-15,9974,L2L,Composite,NA,NA,Vmart,101007,0,0,0,Hindi
VIDYARANYAPURA,KAR,SOUTH,06-Apr-18,10099,New,Saral,NA,NA,Unlimited,101516,1,0,1,#N/A
KHARAGPUR,WB 1,EAST/JHK,14-Sep-17,8366,L2L,Fashion,NA,NA,Vmart,101039,0,0,0,Bangla
KHARUPETIA-PANBARI ROAD,NE,EAST/JHK,######,6019,L2L-New,Fashion,NA,NA,Vmart,101252,0,0,0,Assamese
KISHANGANJ,BIHAR 3,BIHAR,######,8770,L2L,Fashion,NA,NA,Vmart,100811,0,0,0,Hindi
FORUM MALL,KAR,SOUTH,21-Aug,19289,NA,Non Saral,0,0,Unlimited,101520,0,0,0,#N/A
KOLKATA-BARASAT,WB 1,EAST/JHK,18-Sep-19,9002,NA,Fashion,NA,NA,Vmart,101318,0,0,1,Bangla
KOTA,RAJASTHAN-2,NORTH,18-Oct-08,8850,NA,Composite,NA,NA,Vmart,33,0,0,0,Hindi
KOTA-KUNADI,RAJASTHAN-2,NORTH,21-Oct-19,8272,NA,Fashion,NA,NA,Vmart,101298,0,0,0,Hindi
KOTA-RANGBARI,RAJASTHAN-2,NORTH,######,8834,NA,Fashion,NA,NA,Vmart,101284,0,0,1,Hindi
KOTWALI,UP10,UP,21-Oct-14,7039,NA,Fashion,NA,NA,Vmart,100801,0,0,1,Hindi
KRISHNANAGAR-WEST BENGAL,WB 1,EAST/JHK,21-Sep-18,7516,NA,Fashion,NA,NA,Vmart,101182,0,0,0,Bangla
THRISSUR,KER,SOUTH,######,14818,NA,Non Saral,NA,NA,Unlimited,101530,0,0,0,#N/A
LAJPATNAGAR,DELHI NCR,NORTH,18-Sep-04,7200,NA,Fashion,NA,NA,Vmart,5,0,0,1,Hindi
LAKHIMPUR,UP6,UP,11-Apr-13,9700,NA,Fashion,NA,NA,Vmart,87,0,0,0,Hindi
LAL BANGLA-KANPUR,UP2,UP,######,9104,NA,Fashion,NA,NA,Vmart,101228,0,1,0,Hindi
LALGANJ,UP3,UP,23-Apr-17,6299,NA,Fashion,NA,NA,Vmart,101060,0,0,0,Hindi
LATEHAR,JHK1,EAST/JHK,27-Sep-17,7300,NA,Fashion,NA,NA,Vmart,101045,0,0,0,Hindi
LAWGARDEN,GUJRAT,NORTH,05-Oct-03,7034,NA,Fashion,NA,NA,Vmart,1,0,0,0,Gujarati
LAXMINAGAR,DELHI NCR,NORTH,13-Jun-12,5610,NA,Fashion,NA,NA,Vmart,22,0,0,0,Hindi
LOHARDAGA,JHK1,EAST/JHK,######,9381,NA,Fashion,NA,NA,Vmart,101165,0,0,0,Hindi
LUCKNOW,UP13,UP,######,8500,NA,Composite,NA,NA,Vmart,29,0,0,0,Hindi
LUCKNOW-ARJUNGANJ,UP13,UP,23-Oct-19,8207,NA,Fashion,NA,NA,Vmart,101324,0,0,0,Hindi
LUCKNOW-BKT,UP8,UP,######,9000,NA,Fashion,NA,NA,Vmart,101267,0,0,0,Hindi
LUCKNOW-BUDHESHWAR,UP8,UP,01-Oct-19,5295,NA,Fashion,NA,NA,Vmart,101295,0,0,1,Hindi
LUCKNOW-DUBAGGA,UP8,UP,21-Feb-20,8060,NA,Fashion,NA,NA,Vmart,101199,0,0,0,Hindi
LUCKNOW-KHADRA,UP8,UP,######,7023,NA,Fashion,NA,NA,Vmart,101431,0,0,0,Hindi
LUCKNOW-KHURRAM NAGAR,UP8,UP,31-Jul-19,6983,NA,Fashion,NA,NA,Vmart,101268,0,0,0,Hindi
LUCKNOW-MAULVIGANJ,UP8,UP,######,6552,NA,Fashion,NA,NA,Vmart,101457,0,0,0,Hindi
LUCKNOW-QAISARBAGH,UP8,UP,14-Oct-19,6331,NA,Fashion,NA,NA,Vmart,101130,0,0,0,Hindi
LUCKNOW-RAJAJIPURAM 2,UP8,UP,19-Oct-19,7541,NA,Fashion,NA,NA,Vmart,101329,0,0,0,Hindi
LUXA,UP5,UP,######,7200,NA,Fashion,NA,NA,Vmart,67,0,0,0,Hindi
ELURU,RO AP,SOUTH,######,9900,NA,Non Saral,NA,NA,Unlimited,101503,0,0,0,#N/A
MADHEPURA,BIHAR 3,BIHAR,######,8750,NA,Fashion,NA,NA,Vmart,101057,0,0,0,Hindi
MADHUBANI,BIHAR 2,BIHAR,18-Sep-14,8246,NA,Fashion,NA,NA,Vmart,100719,0,0,0,Hindi
MADHUBANI-JHAJHARPUR,BIHAR 2,BIHAR,20-Oct-20,6533,NA,Fashion,NA,NA,Vmart,101374,0,0,0,Hindi
GUNTUR,RO AP,SOUTH,02-Oct-13,11752,NA,Non Saral,NA,NA,Unlimited,101499,0,0,1,#N/A
MAHARAJGANJ,UP4,UP,03-Jan-18,8209,NA,Fashion,NA,NA,Vmart,101134,0,0,0,Hindi
MAINPURI-STATION ROAD,UP7,NORTH,######,5793,NA,Fashion,NA,NA,Vmart,101251,0,0,0,Hindi
MAJRA-DEHRADUN,UP1,NORTH,08-Jun-18,7593,NA,Fashion,NA,NA,Vmart,101162,0,0,0,Hindi
MALDAHIYA,UP5,UP,23-Feb-10,14091,NA,Composite,NA,NA,Vmart,101378,0,1,0,Hindi
KADAPA,RO AP,SOUTH,09-Jan-19,11103,NA,Non Saral,NA,NA,Unlimited,101506,0,0,1,#N/A
KAKINADA,RO AP,SOUTH,10-Jan-18,9000,NA,Non Saral,NA,NA,Unlimited,101504,0,0,1,#N/A
MANGLAM,UP4,UP,16-Oct-11,10036,NA,Composite,NA,NA,Vmart,68,0,0,0,Hindi
MANGLAUR,UP1,NORTH,######,7402,NA,Fashion,NA,NA,Vmart,101132,0,0,0,Hindi
MATHURA,UP7,NORTH,######,6550,NA,Fashion,NA,NA,Vmart,82,0,0,0,Hindi
MAU,UP3,UP,######,8382,NA,Fashion,NA,NA,Vmart,86,0,0,0,Hindi
MAU-GHOSI,UP3,UP,21-Jul-21,7723,NA,Fashion,NA,NA,Vmart,101477,0,0,0,Hindi
MEERUT,DELHI NCR,NORTH,24-Oct-08,6750,NA,Fashion,NA,NA,Vmart,35,0,0,0,Hindi
MEHSANA,GUJRAT,NORTH,08-Oct-08,6394,NA,Composite,NA,NA,Vmart,36,0,0,0,Gujarati
MIRZAPUR-TELIAGANJ,UP5,UP,######,9000,NA,Composite,NA,NA,Vmart,101475,0,0,0,Hindi
KHAMMAM,RO AP,SOUTH,30-Sep-17,10482,NA,Non Saral,NA,NA,Unlimited,101570,0,0,1,#N/A
MORVI,GUJRAT,NORTH,23-Jun-13,6056,NA,Fashion,NA,NA,Vmart,100055,0,0,0,Gujarati
MOTIHARI,BIHAR 2,BIHAR,30-Sep-11,9000,NA,Composite,NA,NA,Vmart,65,0,0,0,Hindi
MUGHALSARAI,UP5,UP,######,8820,NA,Composite,NA,NA,Vmart,101146,0,0,0,Hindi
MUNGER,BIHAR 3,BIHAR,31-Oct-15,9729,NA,Composite,NA,NA,Vmart,101006,0,0,0,Hindi
MURADABAD,UP11,NORTH,24-Jan-09,8680,NA,Composite,NA,NA,Vmart,40,0,0,0,Hindi
MURSHIDABAD,WB 1,EAST/JHK,10-Oct-18,5637,NA,Fashion,NA,NA,Vmart,101186,0,0,0,Bangla
MUZAFFARNAGAR,DELHI NCR,NORTH,######,7000,NA,Fashion,NA,NA,Vmart,28,0,0,0,Hindi
MUZAFFARPUR,BIHAR 2,BIHAR,######,10248,NA,Composite,NA,NA,Vmart,100206,0,0,0,Hindi
MUZAFFARPUR-AGHORIA BAZAR,BIHAR 2,BIHAR,######,8662,NA,Fashion,NA,NA,Vmart,101339,0,0,0,Hindi
NABARANGPUR,ODISHA,EAST/JHK,10-Sep-16,8572,NA,Fashion,NA,NA,Vmart,101035,0,0,0,Odiya
NAGAON,NE,EAST/JHK,######,10231,NA,Fashion,NA,NA,Vmart,101170,0,0,0,Assamese
NELLORE,RO AP,SOUTH,######,10312,NA,Non Saral,NA,NA,Unlimited,101505,0,0,0,#N/A
RAJAHMUNDRY,RO AP,SOUTH,01-Oct-16,7200,NA,Saral,NA,NA,Unlimited,101501,0,0,0,#N/A
NAGOUR,RAJASTHAN-1,NORTH,######,8061,NA,Fashion,NA,NA,Vmart,78,0,0,0,Hindi
NALBARI,NE,EAST/JHK,######,11700,NA,Composite,NA,NA,Vmart,101171,0,0,0,Assamese
TIRUPATI,RO AP,SOUTH,19-Oct-14,11081,NA,Non Saral,NA,NA,Unlimited,101500,0,0,1,#N/A
NAUBASTA-KANPUR,UP2,UP,######,7175,NA,Fashion,NA,NA,Vmart,101195,0,0,1,Hindi
NAWADA,BIHAR 4,BIHAR,######,8721,NA,Fashion,NA,NA,Vmart,101003,0,0,0,Hindi
VIJAYAWADA,RO AP,SOUTH,######,9660,NA,Non Saral,NA,NA,Unlimited,101502,1,0,0,#N/A
ORAI,UP12,UP,25-Feb-17,10130,NA,Composite,NA,NA,Vmart,101027,0,0,0,Hindi
PADARI BAZAR,UP4,UP,######,7000,NA,Fashion,NA,NA,Vmart,100998,0,0,1,Hindi
PADRAUNA,UP4,UP,11-Apr-16,6154,NA,Composite,NA,NA,Vmart,101026,0,0,0,Hindi
PAHARIA,UP5,UP,######,8900,NA,Composite,NA,NA,Vmart,85,0,0,0,Hindi
PALAMPUR-CITY MALL,"PUN, HP",NORTH,######,9108,NA,Fashion,NA,NA,Vmart,101238,0,0,0,Hindi
PALKI-LUCKNOW,UP8,UP,10-Sep-18,8200,NA,Fashion,NA,NA,Vmart,101158,0,0,0,Hindi
PALWAL-AGRA CHOWK,DELHI NCR,NORTH,10-Feb-22,7938,NA,Fashion,NA,NA,Vmart,NA,0,0,0,#N/A
VIZAG,RO AP,SOUTH,30-Sep-13,10597,NA,Non Saral,NA,NA,Unlimited,101498,1,0,1,#N/A
PARTAP GARH,UP10,UP,08-Sep-10,7000,NA,Composite,NA,NA,Vmart,53,0,0,0,Hindi
PATHANKOT,"PUN, HP",NORTH,24-Sep-06,6000,NA,Composite,NA,NA,Vmart,13,0,0,0,Hindi
PATNA CITY,BIHAR 1,BIHAR,06-Jun-14,9000,NA,Fashion,NA,NA,Vmart,100586,0,0,0,Hindi
PATNA-ANISHABAD,BIHAR 1,BIHAR,######,7550,NA,Fashion,NA,NA,Vmart,NA,0,0,0,#N/A
PATNA-BAKHTIYARPUR,BIHAR 1,BIHAR,10-Oct-21,5990,NA,Fashion,NA,NA,Vmart,101470,0,0,0,Hindi
PATNA-KANTIFACTORY,BIHAR 1,BIHAR,27-Feb-22,7061,NA,Fashion,NA,NA,Vmart,101344,0,0,0,Hindi
PATNA-KURJI,BIHAR 1,BIHAR,11-Sep-19,5942,NA,Fashion,NA,NA,Vmart,101281,0,0,1,Hindi
PATNA-SAMPATH CHOWK,BIHAR 1,BIHAR,######,6893,NA,Fashion,NA,NA,Vmart,101481,0,0,0,Hindi
PHUSRO,JHK2,EAST/JHK,######,7579,NA,Fashion,NA,NA,Vmart,101046,0,0,0,Hindi
PILIBHIT,UP6,UP,22-Feb-17,9940,NA,Composite,NA,NA,Vmart,101008,0,0,0,Hindi
WARRANGAL,RO AP,SOUTH,29-Apr-18,6791,NA,Non Saral,NA,NA,Unlimited,101568,0,0,0,#N/A
PRAYAGRAJ-NOORULLAH ROAD,UP10,UP,######,4126,NA,Fashion,NA,NA,Vmart,101445,0,0,0,Hindi
PREM NAGAR-BAREILLY,UP11,NORTH,05-Apr-18,5848,NA,Fashion,NA,NA,Vmart,101143,0,0,0,Hindi
WARRANGAL_MGM CIRCLE,RO AP,SOUTH,15-Apr-14,15067,NA,Saral,NA,NA,Unlimited,101569,0,0,0,#N/A
PURANPUR-KOTWALI ROAD,UP6,UP,######,6139,NA,Fashion,NA,NA,Vmart,NA,0,0,0,#N/A
PURNIA,BIHAR 3,BIHAR,######,9944,NA,Composite,NA,NA,Vmart,100112,0,0,0,Hindi
PURULIA,WB 1,EAST/JHK,12-Apr-18,8287,NA,Fashion,NA,NA,Vmart,101042,0,0,0,Bangla
RAEBARELI-LALGANJ,UP10,UP,######,7381,NA,Fashion,NA,NA,Vmart,101627,0,0,0,Hindi
RAIBARELI,UP10,UP,19-Oct-13,10924,NA,Composite,NA,NA,Vmart,100207,0,0,0,Hindi
RAIGANJ-MG ROAD,WB 2,EAST/JHK,21-Sep-19,10020,NA,Composite,NA,NA,Vmart,101269,0,1,0,Bangla
CHROMPET_BIG MM,TN,SOUTH,######,19003,NA,Non Saral,NA,NA,Unlimited,101538,1,0,0,#N/A
RAJAJIPURAM,UP8,UP,######,7400,NA,Fashion,NA,NA,Vmart,101070,0,0,0,Hindi
RAJENDER NAGAR,UP4,UP,######,7387,NA,Fashion,NA,NA,Vmart,84,0,0,1,Hindi
RAJIV NAGAR,BIHAR 1,BIHAR,07-Feb-14,5550,NA,Fashion,NA,NA,Vmart,100364,0,0,0,Hindi
RAJPURA-AGRA,UP7,NORTH,23-Apr-19,7629,NA,Fashion,NA,NA,Vmart,101235,0,0,1,Hindi
COIMBATORE,TN,SOUTH,######,5041,NA,Saral,NA,NA,Unlimited,101553,1,0,1,#N/A
RAMBAGH CHOWK,BIHAR 3,BIHAR,######,8463,NA,Fashion,NA,NA,Vmart,101180,0,0,0,Hindi
RAMGARH,JHK2,EAST/JHK,######,10976,NA,Fashion,NA,NA,Vmart,101071,0,0,0,Hindi
RAMPUR,UP11,NORTH,######,7871,NA,Fashion,NA,NA,Vmart,101063,0,0,0,Hindi
RANCHI,JHK1,EAST/JHK,23-Sep-14,9089,NA,Fashion,NA,NA,Vmart,100766,0,1,0,Hindi
RANCHI-BARIATU ROAD,JHK1,EAST/JHK,######,10361,NA,Composite,NA,NA,Vmart,NA,0,0,0,#N/A
RANCHI-RATU ROAD,JHK1,EAST/JHK,######,6360,NA,Fashion,NA,NA,Vmart,101349,0,0,0,Hindi
RENUKOOT,UP5,UP,10-Jan-10,6000,NA,Composite,NA,NA,Vmart,49,0,0,0,Hindi
REWA,MP1,NORTH,21-Jun-17,6424,NA,Fashion,NA,NA,Vmart,101061,0,0,0,Hindi
RISHIKESH-HARIDWAR ROAD,UP1,NORTH,25-Oct-21,8400,NA,Fashion,NA,NA,Vmart,101576,0,0,0,Hindi
ROURKELA-DAILY MARKET,ODISHA,EAST/JHK,######,7192,NA,Fashion,NA,NA,Vmart,101469,0,0,1,Odiya
RUDRAPUR,UP1,NORTH,######,9282,NA,Fashion,NA,NA,Vmart,100815,0,0,0,Hindi
SAGUNA MOR-PATNA,BIHAR 1,BIHAR,03-Oct-18,6300,NA,Fashion,NA,NA,Vmart,101178,0,0,1,Hindi
COIMBATORE- 2,TN,SOUTH,28-Sep-07,4020,NA,Saral,NA,NA,Unlimited,101554,1,0,0,#N/A
SAHARANPUR,DELHI NCR,NORTH,30-Jun-09,8800,NA,Composite,NA,NA,Vmart,43,0,0,0,Hindi
SAHARANPUR-DELHI ROAD,DELHI NCR,NORTH,16-Feb-19,8555,NA,Fashion,NA,NA,Vmart,101212,0,0,0,Hindi
SAHARSA,BIHAR 3,BIHAR,11-Apr-13,6980,NA,Fashion,NA,NA,Vmart,88,0,0,0,Hindi
SAKET NAGAR,UP2,UP,21-Jun-13,7592,NA,Fashion,NA,NA,Vmart,100049,0,1,0,Hindi
DINDIGAL,TN,SOUTH,24-Oct-18,9307,NA,Non Saral,NA,NA,Unlimited,101550,0,0,0,#N/A
SAMASTIPUR,BIHAR 2,BIHAR,######,8500,NA,Fashion,NA,NA,Vmart,81,0,0,0,Hindi
SAMBALPUR,ODISHA,EAST/JHK,04-Jun-16,10400,NA,Fashion,NA,NA,Vmart,101024,0,0,0,Odiya
SANDILA-MOHALL ASHAF TOLA,UP6,UP,######,5009,NA,Fashion,NA,NA,Vmart,101333,0,0,0,Hindi
SANGANER-JAIPUR,RAJASTHAN-1,NORTH,######,9000,NA,Fashion,NA,NA,Vmart,101206,0,0,0,Hindi
FUN REPUBLIC CBE,TN,SOUTH,28-Oct-18,8047,NA,Saral,NA,NA,Unlimited,101556,1,0,0,#N/A
KOLATHUR,TN,SOUTH,######,11535,NA,Non Saral,NA,NA,Unlimited,101551,0,0,0,#N/A
MADURAI,TN,SOUTH,######,10776,NA,Non Saral,NA,NA,Unlimited,101545,0,0,1,#N/A
SASARAM,BIHAR 4,BIHAR,######,5320,NA,Fashion,NA,NA,Vmart,100113,0,0,0,Hindi
SHAHAJAHANPUR,UP6,UP,28-Oct-09,11633,NA,Composite,NA,NA,Vmart,47,0,0,0,Hindi
SHAHGANJ,UP7,NORTH,01-Jul-16,11300,NA,Composite,NA,NA,Vmart,101032,0,0,0,Hindi
SHAHGANJ-JAUNPUR ROAD,UP3,UP,25-Oct-21,8500,NA,Composite,NA,NA,Vmart,101600,0,0,0,Hindi
SHANTIPUR,WB 1,EAST/JHK,27-Sep-18,8280,NA,Fashion,NA,NA,Vmart,101183,0,0,0,Bangla
SHEIKHPURA,BIHAR 4,BIHAR,######,7050,NA,Fashion,NA,NA,Vmart,101156,0,0,0,Hindi
SHEOHAR,BIHAR 2,BIHAR,25-Oct-17,7108,NA,Fashion,NA,NA,Vmart,101091,0,0,0,Hindi
SHIVPURI,MP2,NORTH,12-Sep-13,8925,NA,Fashion,NA,NA,Vmart,100171,0,0,0,Hindi
SHUKLAGANJ,UP2,UP,22-Feb-18,6853,NA,Fashion,NA,NA,Vmart,101140,0,0,0,Hindi
SIDHAULI,UP6,UP,13-Oct-17,7860,NA,Fashion,NA,NA,Vmart,101121,0,0,0,Hindi
MOGAPPAIR,TN,SOUTH,10-Oct-18,8572,NA,Saral,NA,NA,Unlimited,101540,1,0,1,#N/A
SITAMARHI,BIHAR 2,BIHAR,13-Oct-15,10350,NA,Composite,NA,NA,Vmart,101011,0,1,0,Hindi
SITAPUR,UP6,UP,######,9280,NA,Composite,NA,NA,Vmart,70,0,0,0,Hindi
SIWAN,BIHAR 1,BIHAR,######,7717,NA,Fashion,NA,NA,Vmart,100208,0,0,0,Hindi
SRINAGAR,J&K,NORTH,######,9884,NA,Composite,NA,NA,Vmart,56,0,0,0,Hindi
SULTANPUR,UP9,UP,07-Jan-10,17000,NA,Composite,NA,NA,Vmart,48,0,0,0,Hindi
SULTANPUR - PUNCHRASTA ROAD,UP9,UP,######,8028,NA,Fashion,NA,NA,Vmart,NA,0,0,0,#N/A
SUPAUL,BIHAR 3,BIHAR,14-Jun-19,8527,NA,Composite,NA,NA,Vmart,101179,0,0,0,Hindi
TAMLUK-MANIKTALA,WB 1,EAST/JHK,13-Apr-19,6139,NA,Fashion,NA,NA,Vmart,101231,0,0,0,Bangla
NAGERCOIL,TN,SOUTH,12-Apr-08,8600,NA,Non Saral,NA,NA,Unlimited,101542,0,0,0,#N/A
TELIBAGH,UP8,UP,######,10622,NA,Composite,NA,NA,Vmart,101122,0,0,0,Hindi
THAKURGANJ,UP8,UP,20-Jun-17,8908,NA,Fashion,NA,NA,Vmart,101065,0,0,0,Hindi
PONDICHERY,TN,SOUTH,######,8246,NA,Saral,NA,NA,Unlimited,101571,0,0,0,#N/A
PROZONE COIMBATORE,TN,SOUTH,16-Sep-17,7154,NA,Saral,NA,NA,Unlimited,101555,1,0,0,#N/A
SALEM,TN,SOUTH,06-Sep-13,15572,NA,Non Saral,NA,NA,Unlimited,101546,0,0,0,#N/A
TANJAVORE_MM,TN,SOUTH,27-Sep-08,3568,NA,Non Saral,NA,NA,Unlimited,101543,0,0,0,#N/A
THORAIPAKKAM,TN,SOUTH,15-Jul-19,8825,NA,Saral,NA,NA,Unlimited,101552,0,1,0,#N/A
TIRUNELVELI,TN,SOUTH,27-Oct-13,11877,NA,Non Saral,NA,NA,Unlimited,101547,0,0,0,#N/A
TRICHY,TN,SOUTH,######,15366,NA,Non Saral,NA,NA,Unlimited,101544,0,0,0,#N/A
UDAIPUR,RAJASTHAN-2,NORTH,22-Oct-08,7846,NA,Fashion,NA,NA,Vmart,31,0,0,0,Hindi
UDAIPUR-HIRAN MANGRI,RAJASTHAN-2,NORTH,25-Sep-21,8013,NA,Fashion,NA,NA,Vmart,101575,0,0,0,Hindi
UDAIPUR-SURAJPOLE,RAJASTHAN-2,NORTH,######,7224,NA,Fashion,NA,NA,Vmart,101337,0,0,0,Hindi
UDALGURI-MG ROAD,NE,EAST/JHK,01-Oct-20,8196,NA,Fashion,NA,NA,Vmart,101261,0,0,0,Assamese
UDHAMPUR,J&K,NORTH,01-Jul-16,10600,NA,Fashion,NA,NA,Vmart,101028,0,1,0,Hindi
UJJAIN,MP2,NORTH,14-Oct-09,7900,NA,Composite,NA,NA,Vmart,45,0,0,1,Hindi
UNNAO-SHAHGANJ BAZAAR,UP2,UP,######,6252,NA,Fashion,NA,NA,Vmart,101327,0,0,0,Hindi
URBAN BANK ROAD,ODISHA,EAST/JHK,15-Oct-17,9162,NA,Fashion,NA,NA,Vmart,101030,0,1,0,Odiya
UTTARPARA,WB 1,EAST/JHK,05-Sep-21,7500,NA,Fashion,NA,NA,Vmart,101373,0,1,1,Bangla
VADODARA,GUJRAT,NORTH,18-Jun-05,6456,NA,Fashion,NA,NA,Vmart,8,0,0,0,Gujarati
VAISHALI-LALGANJ,BIHAR 1,BIHAR,20-Feb-21,6226,NA,Fashion,NA,NA,Vmart,101447,0,0,0,Hindi
TRICHY2,TN,SOUTH,15-Sep-17,9578,NA,Non Saral,NA,NA,Unlimited,101549,0,0,0,#N/A
VALASARAWAKKAM_BIG MM,TN,SOUTH,28-Jan-08,35767,NA,Non Saral,NA,NA,Unlimited,101537,1,1,0,#N/A
VARANASI-SHIVALA,UP5,UP,03-Apr-21,9891,NA,Composite,NA,NA,Vmart,101461,0,0,0,Hindi
VELLORE,TN,SOUTH,######,4825,NA,Non Saral,NA,NA,Unlimited,101548,0,0,0,#N/A
VELLORE-1_MM,TN,SOUTH,04-Jul-14,14696,NA,Non Saral,NA,NA,Unlimited,101541,0,0,0,#N/A
VR MALL,TN,SOUTH,30-Jun-18,9242,NA,Saral,NA,NA,Unlimited,101539,1,1,0,#N/A
BELGAUM,WEST,SOUTH,06-Apr-14,10485,NA,Non Saral,NA,NA,Unlimited,101529,0,0,0,#N/A
DAPODI_BIG MM,WEST,SOUTH,18-Jul-08,18025,NA,Non Saral,NA,NA,Unlimited,101531,1,1,0,#N/A
VIKAS NAGAR,UP8,UP,19-Oct-11,9000,NA,Composite,NA,NA,Vmart,69,0,0,1,Hindi
DEEPKAMAL_MALL,WEST,SOUTH,07-Apr-17,9010,NA,Saral,NA,NA,Unlimited,101508,0,0,0,#N/A
KUMAR PACIFIC,WEST,SOUTH,13-Oct-17,9218,NA,Saral,NA,NA,Unlimited,101532,1,0,1,#N/A
NASHIK,WEST,SOUTH,######,9273,NA,Saral,NA,NA,Unlimited,101535,0,0,0,#N/A
SANGLI,WEST,SOUTH,######,6314,NA,Non Saral,NA,NA,Unlimited,101534,0,0,0,#N/A
ZIRAKPUR-BUS STAND,"PUN, HP",NORTH,######,9350,NA,Composite,NA,NA,Vmart,101286,0,1,0,Hindi
ZOO ROAD-GUWAHATI,NE,EAST/JHK,02-Sep-18,9110,NA,Fashion,NA,NA,Vmart,101172,0,0,0,Assamese
BEGUSARAI-HEMRA ROAD,BIHAR 2,BIHAR,20-Oct,5000,NA,Apparel,A,Tier III,Vmart,101372,0,0,0,Hindi
BERHAMPUR,ODISHA,EAST/JHK,15-Oct,12274,NA,Apparel,D,Tier III,Vmart,101000,0,0,0,Odiya
BHOPAL-CHUNABHATTI,MP1,NORTH,19-Sep,8912,NA,Apparel,C,Tier I,Vmart,101297,0,0,0,Hindi
BIJNOR,UP11,NORTH,18-Oct,6281,NA,Apparel,D,Tier III,Vmart,101200,0,0,0,Hindi
BILASPUR V-TRUCK,WAREHOUSE,WAREHOUSE,20-Jul,1,NA,Apparel,#N/A,#N/A,Vmart,101370,0,0,0,Hindi
CHAKIA,BIHAR 2,BIHAR,18-Feb,8346,NA,Apparel,E,Tier IV,Vmart,101139,0,0,0,Hindi
DIBRUGARH-JHALUKPARA,NE,EAST/JHK,19-Sep,5646,NA,Apparel,0,0,Vmart,101283,0,0,0,Assamese
FO-BHIWADI,WAREHOUSE,WAREHOUSE,21-Jul,,NA,Apparel,#N/A,#N/A,Vmart,101489,0,0,0,Hindi
FO-BILASPUR,WAREHOUSE,WAREHOUSE,13-Aug,1,NA,Apparel,#N/A,#N/A,Vmart,100235,0,0,0,Hindi
FO-KAPASHERA,WAREHOUSE,WAREHOUSE,13-Nov,1,NA,Apparel,#N/A,#N/A,Vmart,100381,0,0,0,Hindi
FO-MANESAR,WAREHOUSE,WAREHOUSE,19-Nov,1,NA,Apparel,#N/A,#N/A,Vmart,101336,0,0,0,Hindi
FO-PALWAL,WAREHOUSE,WAREHOUSE,21-Jul,,NA,Apparel,#N/A,#N/A,Vmart,101490,0,0,0,Hindi
FO-PATAUDI,WAREHOUSE,WAREHOUSE,19-Nov,1,NA,Apparel,#N/A,#N/A,Vmart,101335,0,0,0,Hindi
SINHAGUD,WEST,SOUTH,16-Oct-15,9735,NA,Saral,NA,NA,Unlimited,101533,1,1,0,#N/A
FO-TAORU,WAREHOUSE,WAREHOUSE,17-Apr,1,NA,Apparel,#N/A,#N/A,Vmart,101067,0,0,0,Hindi
FO-UNNAO,WAREHOUSE,WAREHOUSE,21-Oct,,NA,Apparel,#N/A,#N/A,Vmart,101608,0,0,0,Hindi
GARH ROAD-MEERUT,DELHI NCR,NORTH,19-Feb,7917,NA,Apparel,E,Tier II,Vmart,101229,0,0,0,Hindi
GORAKHPUR-RUSTAMPUR,UP4,UP,19-Dec,8100,NA,Apparel,#N/A,#N/A,Vmart,101157,0,0,0,Hindi
INDORE-MALWA MILL,MP2,NORTH,19-Oct,4963,NA,Apparel,C,Tier II,Vmart,101323,0,0,0,Hindi
KANGRA-BUS STAND,"PUN, HP",NORTH,19-Apr,8400,NA,Apparel,E,Tier III,Vmart,101234,0,0,0,Hindi
KOHIMA-NORTH BLOCK,NE,EAST/JHK,19-Aug,7421,NA,Apparel,D,Tier I,Vmart,101282,0,0,0,Assamese
LAKHIMPUR-STATION ROAD,UP6,UP,20-Mar,8000,NA,Apparel,#N/A,#N/A,Vmart,101351,0,0,0,Hindi
LAKHISARAI,BIHAR 4,BIHAR,18-Apr,6900,NA,Apparel,E,Tier IV,Vmart,101152,0,0,0,Hindi
LUCKNOW-AASHIYANA,UP8,UP,21-Dec,9000,NA,Apparel,#N/A,#N/A,Vmart,101585,0,0,0,Hindi
MANGALDOI-LNB ROAD,NE,EAST/JHK,20-Feb,8100,NA,Apparel,#N/A,#N/A,Vmart,101314,0,0,0,Assamese
NORTH LAKHIMPUR-NT ROAD,NE,EAST/JHK,22-Dec,9000,NA,Apparel,#N/A,#N/A,Vmart,101321,0,0,0,Assamese
OMNI-BILASPUR,WAREHOUSE,WAREHOUSE,19-Nov,1,NA,Composite,#N/A,#N/A,Vmart,101334,0,0,0,Hindi
PRAYAGRAJ-DHOOMANGANJ,UP10,UP,22-Feb,10000,NA,Composite,#N/A,#N/A,Vmart,101626,0,0,0,Hindi
PRYAGRAJ-PHAPHAMAU,UP10,UP,22-Mar,9000,NA,Composite,#N/A,#N/A,Vmart,101577,0,0,0,Hindi
FATUHA,BIHAR 1,BIHAR,,,NA,,,,Vmart,NA,0,0,0,#N/A
Increff Bilaspur,Increff Bilaspur,Increff Bilaspur,,,,,,,,Increff Bilaspur,1,1,1,#N/A
Increff Banglore,Increff Banglore,Increff Banglore,,,,,,,,Increff Banglore,1,1,0,#N/A
JAIPUR-MURLIPURA,RAJASTHAN-1,NORTH,,,,,,,,,0,0,0,Hindi